#{"t_start": 1761578750.4681647, "env_id": "None"}
r,l,t
-466.0,35,1.985187
-467.0,34,2.025664
-469.0,32,2.055283
-467.0,34,2.089377
-466.0,35,2.120681
-468.0,33,2.15062
-470.0,31,2.176788
-470.0,31,2.20293
-467.0,34,2.233937
-469.0,32,2.262254
-469.0,32,2.290904
-469.0,32,2.31839
-468.0,33,2.346228
-467.0,34,2.372617
-467.0,34,2.401619
-468.0,33,2.42859
-468.0,33,2.455839
-469.0,32,2.483445
-469.0,32,2.509703
-468.0,33,2.540748
-466.0,35,2.57171
-461.0,40,2.610168
-470.0,31,2.643532
-469.0,32,2.67416
-466.0,35,2.704153
-469.0,32,2.736312
-464.0,37,2.774318
-467.0,34,2.807522
-469.0,32,2.84007
-466.0,35,2.870381
-470.0,31,2.902874
-470.0,31,2.932617
-468.0,33,2.962322
-468.0,33,2.988865
-469.0,32,3.017705
-465.0,36,3.049536
-469.0,32,3.077896
-467.0,34,3.108934
-465.0,36,3.137902
-468.0,33,3.166696
-463.0,38,3.198749
-469.0,32,3.228566
-469.0,32,3.25669
-469.0,32,3.283847
-467.0,34,3.313935
-468.0,33,3.348082
-468.0,33,3.37614
-464.0,37,3.407361
-468.0,33,3.434672
-461.0,40,3.471804
-466.0,35,3.502331
-469.0,32,3.530525
-469.0,32,3.559403
-468.0,33,3.589775
-468.0,33,3.627278
-469.0,32,3.672448
-469.0,32,3.711344
-467.0,34,3.753364
-467.0,34,3.835197
-467.0,34,3.882367
-467.0,34,3.912723
-467.0,34,6.280497
-469.0,32,6.31081
-467.0,34,6.34175
-469.0,32,6.374826
-468.0,33,6.404438
-461.0,40,6.440061
-468.0,33,6.470143
-464.0,37,6.505291
-468.0,33,6.533478
-469.0,32,6.561568
-465.0,36,6.597126
-466.0,35,6.63327
-463.0,38,6.67379
-468.0,33,6.708145
-468.0,33,6.743684
-469.0,32,6.769644
-466.0,35,6.804232
-468.0,33,6.833776
-468.0,33,6.871573
-466.0,35,6.90539
-469.0,32,6.935048
-468.0,33,6.970007
-468.0,33,7.001438
-468.0,33,7.032436
-469.0,32,7.081596
-465.0,36,7.111883
-467.0,34,7.143593
-467.0,34,7.175237
-468.0,33,7.206107
-468.0,33,7.241546
-468.0,33,7.273013
-467.0,34,7.300545
-468.0,33,7.329304
-467.0,34,7.35822
-469.0,32,7.385855
-462.0,39,7.418776
-467.0,34,7.44688
-465.0,36,7.476814
-469.0,32,7.503974
-468.0,33,7.531267
-469.0,32,7.55841
-464.0,37,7.588984
-469.0,32,7.616024
-465.0,36,7.647348
-466.0,35,7.676592
-469.0,32,7.703477
-468.0,33,7.730726
-467.0,34,7.762561
-468.0,33,7.79004
-468.0,33,7.81559
-464.0,37,7.85038
-468.0,33,7.877966
-464.0,37,7.9148
-469.0,32,7.945751
-466.0,35,7.976698
-460.0,41,8.011822
-467.0,34,8.039193
-469.0,32,8.064697
-467.0,34,8.090655
-469.0,32,8.121643
-468.0,33,10.363861
-465.0,36,10.399122
-468.0,33,10.43126
-464.0,37,10.465811
-467.0,34,10.500697
-463.0,38,10.538139
-463.0,38,10.577185
-466.0,35,10.615211
-466.0,35,10.651276
-467.0,34,10.684242
-467.0,34,10.71664
-464.0,37,10.757286
-464.0,37,10.794949
-469.0,32,10.827003
-464.0,37,10.861665
-468.0,33,10.890409
-467.0,34,10.921374
-465.0,36,10.952116
-468.0,33,10.985036
-465.0,36,11.018075
-467.0,34,11.049161
-462.0,39,11.088737
-461.0,40,11.129007
-466.0,35,11.162853
-467.0,34,11.19759
-464.0,37,11.242975
-468.0,33,11.278708
-465.0,36,11.31965
-466.0,35,11.354729
-463.0,38,11.389972
-467.0,34,11.42323
-463.0,38,11.458456
-466.0,35,11.491165
-469.0,32,11.519262
-468.0,33,11.549148
-461.0,40,11.584404
-469.0,32,11.613417
-464.0,37,11.654631
-465.0,36,11.689768
-465.0,36,11.723298
-468.0,33,11.756475
-461.0,40,11.799303
-466.0,35,11.841538
-462.0,39,11.87916
-467.0,34,11.910959
-464.0,37,11.944401
-465.0,36,11.981443
-464.0,37,12.018994
-467.0,34,12.051374
-469.0,32,12.081326
-468.0,33,12.114629
-470.0,31,12.1439
-467.0,34,12.17732
-460.0,41,12.214518
-467.0,34,12.247494
-460.0,41,12.284509
-464.0,37,12.316842
-464.0,37,12.346371
-453.0,48,14.458843
-467.0,34,14.486732
-460.0,41,14.51747
-413.0,88,14.596394
-450.0,51,14.640845
-405.0,96,14.723924
-455.0,46,14.762591
-469.0,32,14.788915
-458.0,43,14.826473
-464.0,37,14.856791
-463.0,38,14.891337
-466.0,35,14.925858
-468.0,33,14.957936
-449.0,52,15.025366
-431.0,70,15.0967
-459.0,42,15.150309
-465.0,36,15.194018
-461.0,40,15.278592
-459.0,42,15.332606
-459.0,42,15.380748
-459.0,42,15.417622
-468.0,33,15.450905
-459.0,42,15.491849
-462.0,39,15.525221
-406.0,95,15.609061
-434.0,67,15.667245
-450.0,51,15.714273
-448.0,53,15.767843
-457.0,44,15.809811
-468.0,33,15.841282
-467.0,34,15.878954
-462.0,39,15.913663
-469.0,32,15.938829
-453.0,48,15.980471
-464.0,37,16.013461
-461.0,40,16.050433
-417.0,84,16.126154
-463.0,38,16.163906
-470.0,31,16.188841
-447.0,54,16.234837
-405.0,96,16.330082
-449.0,52,16.378902
-413.0,88,18.52526
-462.0,39,18.564011
-460.0,41,18.597805
-458.0,43,18.635341
-463.0,38,18.667566
-467.0,34,18.697416
-465.0,36,18.72798
-460.0,41,18.762282
-424.0,77,18.828314
-459.0,42,18.864978
-449.0,52,18.910385
-456.0,45,18.949211
-464.0,37,18.978436
-405.0,96,19.060666
-453.0,48,19.099359
-444.0,57,19.145381
-408.0,93,19.222369
-419.0,82,19.302814
-430.0,71,19.374489
-448.0,53,19.429062
-467.0,34,19.461257
-438.0,63,19.51613
-441.0,60,19.568427
-463.0,38,19.608941
-458.0,43,19.64968
-467.0,34,19.681354
-467.0,34,19.713863
-405.0,96,19.800857
-460.0,41,19.837649
-449.0,52,19.886794
-462.0,39,19.920374
-427.0,74,19.98735
-463.0,38,20.023604
-451.0,50,20.065059
-442.0,59,20.117194
-436.0,65,20.174462
-409.0,92,20.248319
-409.0,92,22.55706
-405.0,96,22.648287
-430.0,71,22.71616
-421.0,80,22.790703
-453.0,48,22.83368
-470.0,31,22.861549
-470.0,31,22.888232
-454.0,47,22.927036
-429.0,72,22.986697
-465.0,36,23.014815
-458.0,43,23.049396
-437.0,64,23.101637
-405.0,96,23.182478
-470.0,31,23.210867
-422.0,79,23.274976
-458.0,43,23.308783
-470.0,31,23.333195
-454.0,47,23.378021
-454.0,47,23.417627
-455.0,46,23.460692
-470.0,31,23.483819
-426.0,75,23.547605
-443.0,58,23.599498
-444.0,57,23.650564
-436.0,65,23.706295
-405.0,96,23.804387
-443.0,58,23.850935
-407.0,94,23.926219
-437.0,64,23.981565
-405.0,96,24.059608
-459.0,42,24.09439
-439.0,62,24.147502
-412.0,89,24.224411
-459.0,42,24.264057
-405.0,96,26.522434
-437.0,64,26.585349
-465.0,36,26.621075
-458.0,43,26.658462
-421.0,80,26.736628
-406.0,95,26.822697
-428.0,73,26.893385
-405.0,96,26.979084
-405.0,96,27.062341
-405.0,96,27.150852
-421.0,80,27.217667
-415.0,86,27.303625
-405.0,96,27.395163
-470.0,31,27.421794
-433.0,68,27.477234
-426.0,75,27.54454
-406.0,95,27.619673
-451.0,50,27.664866
-437.0,64,27.725649
-409.0,92,27.805168
-446.0,55,27.85027
-405.0,96,27.936671
-405.0,96,28.016636
-424.0,77,28.075611
-408.0,93,28.148709
-405.0,96,28.277257
-434.0,67,30.926589
-457.0,44,30.966556
-444.0,57,31.01571
-431.0,70,31.077352
-438.0,63,31.139648
-405.0,96,31.241627
-442.0,59,31.295478
-405.0,96,31.44035
-405.0,96,31.538137
-437.0,64,31.601365
-415.0,86,31.690369
-420.0,81,31.782183
-417.0,84,31.948252
-433.0,68,32.028719
-457.0,44,32.08085
-451.0,50,32.132674
-405.0,96,32.240684
-405.0,96,32.348715
-407.0,94,32.44354
-405.0,96,32.533989
-405.0,96,32.619513
-438.0,63,32.677181
-420.0,81,32.75181
-438.0,63,32.810285
-405.0,96,32.907966
-405.0,96,33.001428
-412.0,89,33.077036
-421.0,80,35.514469
-434.0,67,35.576224
-405.0,96,35.667404
-411.0,90,35.759085
-431.0,70,35.832192
-405.0,96,35.920649
-439.0,62,35.980334
-444.0,57,36.03514
-410.0,91,36.138021
-405.0,96,36.250774
-405.0,96,36.336073
-405.0,96,36.424115
-414.0,87,36.536666
-416.0,85,36.624607
-414.0,87,36.700881
-405.0,96,36.796401
-446.0,55,36.854395
-426.0,75,36.936665
-421.0,80,37.030004
-426.0,75,37.133063
-431.0,70,37.208282
-405.0,96,37.304506
-405.0,96,37.399796
-405.0,96,37.48936
-405.0,96,40.043095
-405.0,96,40.127505
-425.0,76,40.199088
-405.0,96,40.291847
-417.0,84,40.37175
-405.0,96,40.453827
-415.0,86,40.531379
-418.0,83,40.611279
-405.0,96,40.701848
-411.0,90,40.782588
-418.0,83,40.860029
-405.0,96,40.949027
-438.0,63,41.012238
-407.0,94,41.109783
-405.0,96,41.212991
-410.0,91,41.299269
-412.0,89,41.383783
-416.0,85,41.467999
-406.0,95,41.552806
-423.0,78,41.624689
-423.0,78,41.703063
-421.0,80,41.773491
-424.0,77,41.841244
-416.0,85,41.921225
-432.0,69,44.608829
-421.0,80,44.691805
-407.0,94,44.782142
-410.0,91,44.870133
-413.0,88,44.974937
-428.0,73,45.046792
-416.0,85,45.123998
-405.0,96,45.215532
-416.0,85,45.296237
-410.0,91,45.434196
-418.0,83,45.552141
-407.0,94,45.684599
-422.0,79,45.775003
-427.0,74,45.861932
-415.0,86,45.976625
-413.0,88,46.071664
-415.0,86,46.184259
-405.0,96,46.276818
-409.0,92,46.398045
-421.0,80,46.499242
-422.0,79,46.591248
-425.0,76,46.669812
-405.0,96,46.777008
-405.0,96,46.887793
-405.0,96,49.704853
-405.0,96,49.799108
-405.0,96,49.897521
-405.0,96,49.9925
-405.0,96,50.083053
-405.0,96,50.175628
-411.0,90,50.274574
-417.0,84,50.365092
-405.0,96,50.449972
-405.0,96,50.595134
-405.0,96,50.69452
-405.0,96,50.782643
-413.0,88,50.860179
-420.0,81,50.933146
-405.0,96,51.027572
-405.0,96,51.130663
-405.0,96,51.225959
-408.0,93,51.332911
-405.0,96,51.429625
-405.0,96,51.559471
-405.0,96,51.653709
-418.0,83,51.741956
-405.0,96,54.674116
-405.0,96,54.768021
-405.0,96,54.878657
-405.0,96,54.970712
-416.0,85,55.049134
-405.0,96,55.141101
-405.0,96,55.238827
-407.0,94,55.330556
-406.0,95,55.415471
-405.0,96,55.510577
-405.0,96,55.602087
-470.0,31,55.633232
-470.0,31,55.664433
-405.0,96,55.76136
-405.0,96,55.861476
-409.0,92,55.946821
-407.0,94,56.034038
-405.0,96,56.122208
-416.0,85,56.192864
-405.0,96,56.274132
-405.0,96,56.370568
-405.0,96,56.49736
-413.0,88,56.602068
-405.0,96,59.653265
-405.0,96,59.746751
-405.0,96,59.843776
-405.0,96,59.941596
-405.0,96,60.035842
-405.0,96,60.133454
-405.0,96,60.231775
-405.0,96,60.330574
-470.0,31,60.366497
-405.0,96,60.46763
-470.0,31,60.500413
-405.0,96,60.605107
-405.0,96,60.707092
-429.0,72,60.783257
-405.0,96,60.897034
-405.0,96,61.016332
-405.0,96,61.150639
-405.0,96,61.263684
-406.0,95,61.375051
-410.0,91,61.467572
-470.0,31,61.499683
-405.0,96,61.599426
-405.0,96,61.705632
-405.0,96,64.532443
-405.0,96,64.625015
-412.0,89,64.705517
-405.0,96,64.791786
-405.0,96,64.878395
-407.0,94,64.959919
-405.0,96,65.047184
-405.0,96,65.1484
-405.0,96,65.243261
-405.0,96,65.334161
-405.0,96,65.418945
-416.0,85,65.497673
-412.0,89,65.594203
-405.0,96,65.690927
-470.0,31,65.718875
-405.0,96,65.806365
-410.0,91,65.886133
-406.0,95,65.970865
-405.0,96,66.057282
-405.0,96,66.147094
-470.0,31,66.183971
-405.0,96,66.27901
-411.0,90,66.367892
-405.0,96,69.041799
-405.0,96,69.130087
-405.0,96,69.212131
-405.0,96,69.297123
-405.0,96,69.386459
-407.0,94,69.473437
-470.0,31,69.498847
-405.0,96,69.613644
-405.0,96,69.69417
-409.0,92,69.776798
-470.0,31,69.800662
-405.0,96,69.884099
-405.0,96,69.96664
-407.0,94,70.044975
-405.0,96,70.131988
-405.0,96,70.231281
-415.0,86,70.31665
-406.0,95,70.409793
-405.0,96,70.498808
-405.0,96,70.587146
-405.0,96,70.674368
-405.0,96,70.7616
-405.0,96,70.850926
-405.0,96,73.576629
-405.0,96,73.665591
-405.0,96,73.748372
-405.0,96,73.833525
-405.0,96,73.920993
-405.0,96,73.999537
-405.0,96,74.07992
-405.0,96,74.155666
-470.0,31,74.182268
-405.0,96,74.254786
-405.0,96,74.334533
-470.0,31,74.361825
-470.0,31,74.38775
-405.0,96,74.467156
-470.0,31,74.494736
-470.0,31,74.523072
-470.0,31,74.553353
-405.0,96,74.635513
-412.0,89,74.718037
-405.0,96,74.807845
-405.0,96,74.893574
-470.0,31,74.921435
-405.0,96,75.002072
-405.0,96,75.07706
-470.0,31,75.103068
-405.0,96,75.194951
-405.0,96,75.292133
-410.0,91,78.03809
-411.0,90,78.123526
-405.0,96,78.221224
-470.0,31,78.247042
-405.0,96,78.33333
-405.0,96,78.423203
-405.0,96,78.512085
-470.0,31,78.542787
-405.0,96,78.640939
-405.0,96,78.73374
-411.0,90,78.815896
-405.0,96,78.901253
-405.0,96,79.025665
-470.0,31,79.051203
-405.0,96,79.135954
-405.0,96,79.225039
-470.0,31,79.251543
-405.0,96,79.340617
-405.0,96,79.428011
-408.0,93,79.506853
-405.0,96,79.584405
-408.0,93,79.661986
-405.0,96,79.749234
-405.0,96,79.845786
-470.0,31,79.877826
-405.0,96,82.444414
-405.0,96,82.530339
-470.0,31,82.558473
-405.0,96,82.65296
-405.0,96,82.749984
-405.0,96,82.85273
-405.0,96,82.989137
-405.0,96,83.094656
-405.0,96,83.202839
-405.0,96,83.282887
-405.0,96,83.366229
-405.0,96,83.452536
-405.0,96,83.538014
-405.0,96,83.626494
-470.0,31,83.6549
-405.0,96,83.756731
-405.0,96,83.856984
-406.0,95,83.963381
-470.0,31,83.995897
-405.0,96,84.089539
-405.0,96,84.172899
-405.0,96,84.262202
-405.0,96,84.344092
-470.0,31,84.36904
-405.0,96,86.946805
-405.0,96,87.046629
-470.0,31,87.076677
-405.0,96,87.164014
-470.0,31,87.190361
-405.0,96,87.289474
-405.0,96,87.394842
-470.0,31,87.425209
-470.0,31,87.455051
-405.0,96,87.54539
-405.0,96,87.634888
-470.0,31,87.666518
-470.0,31,87.708442
-470.0,31,87.742699
-405.0,96,87.831113
-470.0,31,87.864034
-470.0,31,87.894673
-405.0,96,87.990272
-405.0,96,88.081742
-470.0,31,88.1112
-470.0,31,88.172124
-405.0,96,88.266728
-470.0,31,88.300257
-405.0,96,88.39125
-405.0,96,88.479944
-405.0,96,88.574073
-405.0,96,88.666409
-470.0,31,88.701762
-470.0,31,88.735285
-405.0,96,88.826423
-470.0,31,88.854025
-470.0,31,88.881752
-405.0,96,91.858922
-470.0,31,91.88843
-470.0,31,91.918786
-470.0,31,91.948723
-405.0,96,92.040829
-470.0,31,92.069286
-405.0,96,92.15712
-405.0,96,92.253624
-470.0,31,92.288423
-405.0,96,92.381964
-405.0,96,92.472889
-405.0,96,92.559734
-405.0,96,92.654531
-470.0,31,92.683538
-470.0,31,92.711006
-470.0,31,92.738485
-405.0,96,92.831719
-405.0,96,92.930378
-405.0,96,93.026203
-405.0,96,93.123264
-470.0,31,93.153441
-470.0,31,93.183618
-405.0,96,93.28284
-405.0,96,93.388632
-405.0,96,93.482666
-470.0,31,93.513361
-470.0,31,93.546403
-405.0,96,93.653821
-470.0,31,93.682016
-405.0,96,93.778911
-405.0,96,96.832754
-405.0,96,96.937812
-470.0,31,96.967728
-405.0,96,97.053653
-405.0,96,97.141514
-405.0,96,97.231136
-405.0,96,97.331008
-405.0,96,97.424609
-470.0,31,97.456411
-470.0,31,97.48743
-405.0,96,97.579602
-405.0,96,97.683273
-405.0,96,97.781486
-405.0,96,97.874473
-405.0,96,97.960106
-405.0,96,98.047504
-405.0,96,98.138245
-405.0,96,98.232879
-470.0,31,98.262024
-470.0,31,98.291106
-405.0,96,98.389186
-470.0,31,98.421389
-405.0,96,98.514508
-405.0,96,98.608326
-405.0,96,98.696946
-405.0,96,98.792279
-405.0,96,101.659791
-470.0,31,101.692012
-405.0,96,101.777366
-405.0,96,101.868189
-470.0,31,101.897011
-405.0,96,101.983926
-405.0,96,102.067706
-470.0,31,102.095098
-405.0,96,102.198
-470.0,31,102.277441
-405.0,96,102.413001
-405.0,96,102.503871
-405.0,96,102.592271
-407.0,94,102.684577
-405.0,96,102.784872
-405.0,96,102.871444
-405.0,96,102.95874
-470.0,31,102.99061
-405.0,96,103.127501
-405.0,96,103.222611
-405.0,96,103.320008
-405.0,96,103.415337
-405.0,96,103.500866
-405.0,96,103.588892
-470.0,31,103.616976
-405.0,96,106.527144
-405.0,96,106.615493
-405.0,96,106.697474
-405.0,96,106.784197
-405.0,96,106.873808
-405.0,96,106.986153
-470.0,31,107.023623
-405.0,96,107.124463
-470.0,31,107.148824
-405.0,96,107.243097
-405.0,96,107.342025
-405.0,96,107.445894
-470.0,31,107.472529
-405.0,96,107.558571
-405.0,96,107.661763
-405.0,96,107.765853
-405.0,96,107.860943
-470.0,31,107.894416
-405.0,96,107.996752
-405.0,96,108.079788
-405.0,96,108.164876
-470.0,31,108.193428
-470.0,31,108.222735
-405.0,96,108.310583
-405.0,96,108.403492
-405.0,96,108.525673
-405.0,96,111.331171
-405.0,96,111.432656
-405.0,96,111.535544
-405.0,96,111.62612
-405.0,96,111.708269
-405.0,96,111.78289
-405.0,96,111.881115
-405.0,96,111.966234
-470.0,31,111.992004
-405.0,96,112.071177
-405.0,96,112.144769
-405.0,96,112.230815
-470.0,31,112.260695
-405.0,96,112.338985
-405.0,96,112.415643
-405.0,96,112.509562
-405.0,96,112.601144
-405.0,96,112.684025
-405.0,96,112.762021
-405.0,96,112.842207
-405.0,96,112.91832
-405.0,96,113.003151
-405.0,96,115.54976
-405.0,96,115.628478
-470.0,31,115.663163
-405.0,96,115.742504
-470.0,31,115.768034
-405.0,96,115.843527
-405.0,96,115.918649
-470.0,31,115.9447
-470.0,31,115.967413
-405.0,96,116.04792
-405.0,96,116.13379
-405.0,96,116.225862
-405.0,96,116.310023
-405.0,96,116.395395
-405.0,96,116.48431
-470.0,31,116.513346
-470.0,31,116.54294
-470.0,31,116.57372
-405.0,96,116.657627
-470.0,31,116.685358
-405.0,96,116.795607
-405.0,96,116.881601
-470.0,31,116.907046
-405.0,96,117.017768
-405.0,96,117.113134
-405.0,96,117.239312
-405.0,96,117.322712
-405.0,96,117.409862
-405.0,96,119.885184
-405.0,96,119.971303
-405.0,96,120.053626
-405.0,96,120.137406
-405.0,96,120.218221
-405.0,96,120.299606
-405.0,96,120.380797
-405.0,96,120.508079
-405.0,96,120.590115
-405.0,96,120.679357
-470.0,31,120.70729
-405.0,96,120.799172
-405.0,96,120.878424
-470.0,31,120.906091
-405.0,96,120.990768
-405.0,96,121.067459
-405.0,96,121.148854
-405.0,96,121.223875
-405.0,96,121.309655
-405.0,96,121.39508
-470.0,31,121.419852
-405.0,96,121.507662
-470.0,31,121.534703
-405.0,96,121.616501
-405.0,96,124.071968
-405.0,96,124.149419
-470.0,31,124.173656
-405.0,96,124.251465
-470.0,31,124.277135
-405.0,96,124.359683
-470.0,31,124.384954
-405.0,96,124.51466
-470.0,31,124.541998
-405.0,96,124.630778
-470.0,31,124.657974
-405.0,96,124.734865
-470.0,31,124.761769
-470.0,31,124.786688
-405.0,96,124.865337
-405.0,96,124.946118
-405.0,96,125.023241
-405.0,96,125.097873
-405.0,96,125.187847
-405.0,96,125.274255
-470.0,31,125.300154
-405.0,96,125.381811
-470.0,31,125.407997
-405.0,96,125.49142
-405.0,96,125.579347
-405.0,96,125.657437
-405.0,96,125.73409
-470.0,31,125.762747
-401.0,100,128.390458
-470.0,31,128.42078
-405.0,96,128.509694
-470.0,31,128.537028
-405.0,96,128.627337
-405.0,96,128.718123
-405.0,96,128.803815
-405.0,96,128.892493
-405.0,96,128.971238
-470.0,31,128.994944
-405.0,96,129.079309
-405.0,96,129.162409
-405.0,96,129.246649
-405.0,96,129.339895
-405.0,96,129.425982
-405.0,96,129.508978
-405.0,96,129.592878
-470.0,31,129.617463
-404.0,97,129.706467
-405.0,96,129.79966
-404.0,97,129.898575
-405.0,96,129.988549
-405.0,96,130.082874
-470.0,31,130.111985
-405.0,96,130.216428
-405.0,96,133.353159
-405.0,96,133.441601
-405.0,96,133.556619
-405.0,96,133.653651
-405.0,96,133.744363
-405.0,96,133.833187
-405.0,96,133.933396
-405.0,96,134.038351
-405.0,96,134.135965
-405.0,96,134.234069
-470.0,31,134.265551
-405.0,96,134.363819
-405.0,96,134.462392
-470.0,31,134.491294
-470.0,31,134.524863
-405.0,96,134.640996
-470.0,31,134.716711
-405.0,96,134.831065
-470.0,31,134.867097
-405.0,96,134.965478
-405.0,96,135.066514
-405.0,96,135.154137
-470.0,31,135.181412
-405.0,96,135.286244
-405.0,96,135.39418
-405.0,96,137.971189
-405.0,96,138.088928
-470.0,31,138.113278
-405.0,96,138.188729
-470.0,31,138.211852
-470.0,31,138.235764
-405.0,96,138.312134
-405.0,96,138.395007
-470.0,31,138.418271
-405.0,96,138.501972
-470.0,31,138.526408
-470.0,31,138.551837
-405.0,96,138.634909
-470.0,31,138.664639
-470.0,31,138.692143
-405.0,96,138.770324
-470.0,31,138.799815
-405.0,96,138.883814
-405.0,96,138.97437
-402.0,99,139.065174
-470.0,31,139.093487
-470.0,31,139.122873
-470.0,31,139.152652
-405.0,96,139.237163
-470.0,31,139.262465
-405.0,96,139.341861
-405.0,96,139.42497
-405.0,96,139.525856
-405.0,96,139.624806
-405.0,96,139.711822
-470.0,31,139.742621
-470.0,31,142.161221
-405.0,96,142.247756
-470.0,31,142.276469
-470.0,31,142.303595
-470.0,31,142.329741
-470.0,31,142.354085
-470.0,31,142.413696
-405.0,96,142.494364
-470.0,31,142.522658
-405.0,96,142.607061
-405.0,96,142.689676
-470.0,31,142.715749
-470.0,31,142.742193
-470.0,31,142.767557
-470.0,31,142.79331
-470.0,31,142.818109
-405.0,96,142.893678
-405.0,96,142.970451
-405.0,96,143.051493
-405.0,96,143.127405
-470.0,31,143.150474
-405.0,96,143.250129
-405.0,96,143.342109
-470.0,31,143.368199
-470.0,31,143.394382
-405.0,96,143.483025
-470.0,31,143.51139
-405.0,96,143.589873
-470.0,31,143.625978
-470.0,31,143.657128
-470.0,31,143.688722
-405.0,96,143.779238
-470.0,31,143.804103
-397.0,104,143.896728
-470.0,31,143.924585
-470.0,31,143.951792
-470.0,31,143.981146
-401.0,100,147.226874
-470.0,31,147.258627
-470.0,31,147.294849
-405.0,96,147.409789
-405.0,96,147.514488
-405.0,96,147.609121
-405.0,96,147.702968
-405.0,96,147.794128
-386.0,115,147.909373
-405.0,96,148.002586
-470.0,31,148.032366
-405.0,96,148.130239
-470.0,31,148.156237
-405.0,96,148.240403
-405.0,96,148.327976
-470.0,31,148.355757
-387.0,114,148.455934
-405.0,96,148.58677
-399.0,102,148.690952
-401.0,100,148.805333
-399.0,102,148.907566
-404.0,97,148.997546
-405.0,96,149.08604
-405.0,96,149.171411
-470.0,31,152.159931
-405.0,96,152.266455
-470.0,31,152.2977
-398.0,103,152.397495
-470.0,31,152.426966
-470.0,31,152.474034
-405.0,96,152.576818
-470.0,31,152.610462
-470.0,31,152.645924
-405.0,96,152.758595
-470.0,31,152.799331
-405.0,96,152.914131
-470.0,31,152.94387
-405.0,96,153.040831
-405.0,96,153.128658
-405.0,96,153.215448
-405.0,96,153.293725
-470.0,31,153.320964
-405.0,96,153.401798
-470.0,31,153.425479
-470.0,31,153.45128
-405.0,96,153.534669
-470.0,31,153.559805
-470.0,31,153.588782
-402.0,99,153.687686
-405.0,96,153.78182
-470.0,31,153.80702
-405.0,96,153.887935
-470.0,31,153.914769
-405.0,96,153.991911
-470.0,31,154.021876
-470.0,31,154.047719
-405.0,96,156.432082
-405.0,96,156.519016
-470.0,31,156.545858
-405.0,96,156.641339
-280.0,122,156.754238
-470.0,31,156.784623
-470.0,31,156.814939
-388.0,113,156.923778
-405.0,96,157.009534
-470.0,31,157.036786
-470.0,31,157.066123
-470.0,31,157.094439
-470.0,31,157.125523
-470.0,31,157.154516
-405.0,96,157.299747
-470.0,31,157.332389
-470.0,31,157.362257
-470.0,31,157.393893
-470.0,31,157.427369
-470.0,31,157.45924
-470.0,31,157.489208
-470.0,31,157.52002
-470.0,31,157.547388
-470.0,31,157.575018
-470.0,31,157.605009
-470.0,31,157.636926
-470.0,31,157.668332
-405.0,96,157.771105
-470.0,31,157.80605
-405.0,96,157.89977
-405.0,96,157.997092
-470.0,31,158.026096
-470.0,31,158.057271
-405.0,96,158.149858
-405.0,96,158.243124
-470.0,31,158.272712
-405.0,96,158.360405
-405.0,96,158.442204
-392.0,109,161.108405
-405.0,96,161.201064
-405.0,96,161.291494
-470.0,31,161.321321
-405.0,96,161.41448
-470.0,31,161.443894
-405.0,96,161.536441
-392.0,109,161.650304
-401.0,100,161.785811
-470.0,31,161.829915
-396.0,105,162.074338
-470.0,31,162.136065
-405.0,96,162.278981
-397.0,104,162.429274
-470.0,31,162.468716
-400.0,101,162.592706
-402.0,99,162.720765
-470.0,31,162.758857
-405.0,96,162.880316
-470.0,31,162.92324
-405.0,96,163.049603
-405.0,96,163.171184
-470.0,31,163.210794
-401.0,100,163.328671
-262.0,140,163.492259
-381.0,120,167.966959
-470.0,31,168.007893
-402.0,99,168.117097
-405.0,96,168.220547
-405.0,96,168.331702
-394.0,107,168.460358
-405.0,96,168.567139
-470.0,31,168.599531
-470.0,31,168.6386
-405.0,96,168.751679
-470.0,31,168.788186
-470.0,31,168.825749
-470.0,31,168.866717
-470.0,31,168.905032
-470.0,31,168.946059
-393.0,108,169.092704
-228.0,174,169.351209
-470.0,31,169.393975
-405.0,96,169.501543
-470.0,31,169.568293
-383.0,118,169.704132
-470.0,31,169.738967
-405.0,96,169.839282
-405.0,96,169.947083
-405.0,96,170.054042
-405.0,96,170.148362
-405.0,96,170.242033
-278.0,124,173.571722
-405.0,96,173.683669
-470.0,31,173.719268
-405.0,96,173.829828
-470.0,31,173.867612
-405.0,96,173.974606
-405.0,96,174.065324
-405.0,96,174.15167
-405.0,96,174.234422
-470.0,31,174.259818
-470.0,31,174.287677
-405.0,96,174.368094
-403.0,98,174.477532
-228.0,174,174.660052
-405.0,96,174.80468
-470.0,31,174.849444
-404.0,97,174.973549
-405.0,96,175.101901
-405.0,96,175.201741
-470.0,31,175.234354
-389.0,112,175.347154
-470.0,31,175.377949
-402.0,99,175.472093
-393.0,108,175.581745
-405.0,96,175.708602
-405.0,96,178.521034
-405.0,96,178.621733
-470.0,31,178.652991
-470.0,31,178.682615
-470.0,31,178.711964
-470.0,31,178.740237
-405.0,96,178.825496
-405.0,96,178.918163
-470.0,31,178.947142
-405.0,96,179.042625
-400.0,101,179.125196
-470.0,31,179.153927
-279.0,123,179.254669
-405.0,96,179.336016
-470.0,31,179.364317
-399.0,102,179.447639
-393.0,108,179.534763
-470.0,31,179.559314
-405.0,96,179.642281
-470.0,31,179.671901
-470.0,31,179.698427
-405.0,96,179.778335
-405.0,96,179.866944
-405.0,96,179.951309
-405.0,96,180.042479
-405.0,96,180.122345
-393.0,108,180.219779
-470.0,31,180.24714
-404.0,97,182.349127
-470.0,31,182.37439
-470.0,31,182.400709
-470.0,31,182.427743
-470.0,31,182.45189
-470.0,31,182.476348
-470.0,31,182.501764
-470.0,31,182.52623
-470.0,31,182.5523
-470.0,31,182.579846
-470.0,31,182.60482
-470.0,31,182.631114
-470.0,31,182.657996
-470.0,31,182.684036
-470.0,31,182.709352
-470.0,31,182.737601
-470.0,31,182.765007
-470.0,31,182.791651
-470.0,31,182.822204
-470.0,31,182.851643
-470.0,31,182.880105
-470.0,31,182.908251
-470.0,31,182.938914
-470.0,31,182.968766
-470.0,31,182.996518
-470.0,31,183.025925
-405.0,96,183.116484
-470.0,31,183.141724
-470.0,31,183.169196
-470.0,31,183.196306
-470.0,31,183.220381
-470.0,31,183.247489
-470.0,31,183.271293
-470.0,31,183.297845
-470.0,31,183.3216
-470.0,31,183.347044
-470.0,31,183.371493
-470.0,31,183.395659
-470.0,31,183.419607
-470.0,31,183.451543
-470.0,31,183.475891
-470.0,31,183.50386
-405.0,96,183.584112
-470.0,31,183.608167
-470.0,31,183.634247
-470.0,31,183.657704
-470.0,31,183.683473
-470.0,31,183.707952
-470.0,31,183.734535
-470.0,31,183.757588
-470.0,31,183.782885
-470.0,31,183.812713
-470.0,31,183.839191
-470.0,31,183.866779
-470.0,31,183.891831
-470.0,31,183.916662
-470.0,31,183.939684
-470.0,31,183.96767
-470.0,31,183.992725
-470.0,31,184.015062
-470.0,31,184.043396
-470.0,31,186.470387
-470.0,31,186.499366
-391.0,110,186.596047
-470.0,31,186.620239
-405.0,96,186.702484
-391.0,110,186.795908
-470.0,31,186.823332
-405.0,96,186.908335
-470.0,31,186.937475
-470.0,31,186.962579
-470.0,31,186.989289
-388.0,113,187.089102
-470.0,31,187.119045
-381.0,120,187.220122
-470.0,31,187.245087
-237.0,165,187.384433
-405.0,96,187.467387
-470.0,31,187.492915
-470.0,31,187.521415
-405.0,96,187.600117
-470.0,31,187.638071
-470.0,31,187.674271
-230.0,172,187.839916
-470.0,31,187.866945
-470.0,31,187.891887
-405.0,96,187.979501
-470.0,31,188.006875
-405.0,96,188.089737
-470.0,31,188.119177
-392.0,109,188.212829
-405.0,96,190.441747
-470.0,31,190.466648
-470.0,31,190.491437
-470.0,31,190.517397
-470.0,31,190.543217
-470.0,31,190.568822
-405.0,96,190.649585
-401.0,100,190.732756
-470.0,31,190.760877
-470.0,31,190.789092
-470.0,31,190.822583
-400.0,101,190.919662
-405.0,96,191.015961
-470.0,31,191.043211
-470.0,31,191.078135
-470.0,31,191.106141
-470.0,31,191.137035
-405.0,96,191.241517
-470.0,31,191.273381
-470.0,31,191.30232
-405.0,96,191.38982
-405.0,96,191.471215
-470.0,31,191.497065
-470.0,31,191.52101
-470.0,31,191.546911
-395.0,106,191.632198
-391.0,110,191.72044
-470.0,31,191.744649
-470.0,31,191.766671
-386.0,115,191.86411
-470.0,31,191.888602
-405.0,96,191.971814
-470.0,31,192.001209
-405.0,96,192.084849
-470.0,31,192.110296
-405.0,96,192.191372
-470.0,31,192.22577
-470.0,31,194.482646
-470.0,31,194.516107
-470.0,31,194.547328
-470.0,31,194.575764
-405.0,96,194.682387
-405.0,96,194.758139
-470.0,31,194.789142
-470.0,31,194.820665
-470.0,31,194.84789
-405.0,96,194.948024
-383.0,118,195.039931
-470.0,31,195.067285
-470.0,31,195.091623
-470.0,31,195.118113
-405.0,96,195.195586
-470.0,31,195.218773
-470.0,31,195.245448
-470.0,31,195.269331
-403.0,98,195.346461
-470.0,31,195.371802
-405.0,96,195.449579
-470.0,31,195.476933
-405.0,96,195.557775
-405.0,96,195.637485
-405.0,96,195.745479
-470.0,31,195.76973
-405.0,96,195.852786
-405.0,96,195.937045
-405.0,96,196.017979
-470.0,31,196.042642
-470.0,31,196.065068
-470.0,31,196.089782
-470.0,31,196.113226
-405.0,96,196.192192
-405.0,96,198.809443
-470.0,31,198.84709
-405.0,96,198.965159
-470.0,31,198.999311
-405.0,96,199.094905
-470.0,31,199.129957
-470.0,31,199.169211
-405.0,96,199.270273
-405.0,96,199.368297
-470.0,31,199.399227
-470.0,31,199.429374
-470.0,31,199.460919
-405.0,96,199.556147
-470.0,31,199.587654
-470.0,31,199.621036
-470.0,31,199.652463
-390.0,111,199.77146
-238.0,164,199.932297
-470.0,31,199.958471
-470.0,31,199.987987
-470.0,31,200.015475
-470.0,31,200.041066
-470.0,31,200.070638
-470.0,31,200.098267
-470.0,31,200.123223
-405.0,96,200.200426
-405.0,96,200.285278
-405.0,96,200.374898
-278.0,124,200.507505
-405.0,96,200.605163
-470.0,31,200.633667
-470.0,31,200.661718
-470.0,31,200.689991
-405.0,96,200.786392
-470.0,31,200.815665
-405.0,96,203.874122
-470.0,31,203.919859
-279.0,123,204.071085
-470.0,31,204.10329
-470.0,31,204.132143
-470.0,31,204.162276
-405.0,96,204.251735
-470.0,31,204.281222
-470.0,31,204.310624
-470.0,31,204.343912
-405.0,96,204.430337
-405.0,96,204.51952
-470.0,31,204.547627
-470.0,31,204.578713
-405.0,96,204.679963
-470.0,31,204.707951
-470.0,31,204.732957
-405.0,96,204.851223
-405.0,96,204.945835
-470.0,31,204.977408
-405.0,96,205.060908
-398.0,103,205.14787
-470.0,31,205.176117
-470.0,31,205.201463
-405.0,96,205.284726
-470.0,31,205.311818
-470.0,31,205.33522
-470.0,31,205.366178
-470.0,31,205.392709
-470.0,31,205.418968
-470.0,31,205.44809
-470.0,31,205.476783
-470.0,31,205.503474
-470.0,31,205.529071
-470.0,31,205.555512
-405.0,96,205.638583
-405.0,96,205.729181
-470.0,31,205.756134
-470.0,31,208.632954
-470.0,31,208.666743
-470.0,31,208.699936
-470.0,31,208.740654
-470.0,31,208.775206
-470.0,31,208.807009
-470.0,31,208.843989
-405.0,96,208.948887
-470.0,31,208.97965
-470.0,31,209.010298
-405.0,96,209.107761
-470.0,31,209.13469
-470.0,31,209.167017
-470.0,31,209.196752
-405.0,96,209.308905
-470.0,31,209.336964
-470.0,31,209.365782
-405.0,96,209.453987
-470.0,31,209.487153
-470.0,31,209.517925
-470.0,31,209.54739
-405.0,96,209.639469
-470.0,31,209.669095
-470.0,31,209.699015
-470.0,31,209.7279
-470.0,31,209.755916
-405.0,96,209.84912
-470.0,31,209.880267
-470.0,31,209.915272
-470.0,31,209.946841
-470.0,31,209.979008
-470.0,31,210.042877
-431.0,70,210.119101
-391.0,110,210.230722
-470.0,31,210.261312
-470.0,31,210.292875
-470.0,31,210.323747
-470.0,31,210.355346
-405.0,96,210.481997
-405.0,96,210.57405
-470.0,31,210.605549
-400.0,101,210.711804
-405.0,96,213.750049
-400.0,101,213.85457
-405.0,96,213.982329
-405.0,96,214.084296
-402.0,99,214.196721
-470.0,31,214.232467
-470.0,31,214.261826
-470.0,31,214.292977
-470.0,31,214.32158
-470.0,31,214.355157
-470.0,31,214.385941
-405.0,96,214.481652
-470.0,31,214.510105
-470.0,31,214.538365
-382.0,119,214.653529
-470.0,31,214.684065
-470.0,31,214.710539
-470.0,31,214.74117
-405.0,96,214.854959
-470.0,31,214.88614
-470.0,31,214.921977
-405.0,96,215.026709
-405.0,96,215.131319
-470.0,31,215.165068
-470.0,31,215.20041
-405.0,96,215.302192
-470.0,31,215.339318
-405.0,96,215.466393
-470.0,31,215.505202
-470.0,31,215.539989
-405.0,96,215.636986
-470.0,31,215.667498
-470.0,31,215.698067
-470.0,31,215.727476
-470.0,31,215.757355
-470.0,31,215.786149
-470.0,31,215.817063
-279.0,123,218.894338
-404.0,97,219.011887
-470.0,31,219.052594
-405.0,96,219.157239
-405.0,96,219.254717
-470.0,31,219.287044
-388.0,113,219.39715
-405.0,96,219.487046
-470.0,31,219.514887
-470.0,31,219.546583
-470.0,31,219.583033
-386.0,115,219.713082
-386.0,115,219.824918
-470.0,31,219.854736
-470.0,31,219.888285
-470.0,31,219.921227
-389.0,112,220.052807
-405.0,96,220.159908
-470.0,31,220.192482
-405.0,96,220.297968
-470.0,31,220.328398
-405.0,96,220.430617
-390.0,111,220.539931
-470.0,31,220.570068
-470.0,31,220.601511
-405.0,96,220.742415
-470.0,31,220.773309
-405.0,96,220.869035
-470.0,31,220.899684
-405.0,96,220.994578
-405.0,96,224.003291
-470.0,31,224.032563
-405.0,96,224.120402
-470.0,31,224.153967
-405.0,96,224.262514
-470.0,31,224.296923
-470.0,31,224.327641
-405.0,96,224.428622
-470.0,31,224.466975
-405.0,96,224.595711
-470.0,31,224.643605
-405.0,96,224.76236
-470.0,31,224.800165
-470.0,31,224.83713
-405.0,96,224.933189
-405.0,96,225.023529
-470.0,31,225.052825
-470.0,31,225.084108
-405.0,96,225.176277
-405.0,96,225.279624
-399.0,102,225.383818
-405.0,96,225.480631
-470.0,31,225.51534
-405.0,96,225.614795
-405.0,96,225.716679
-405.0,96,225.809865
-470.0,31,225.841157
-405.0,96,225.940638
-470.0,31,225.971309
-405.0,96,226.06731
-470.0,31,226.096001
-405.0,96,229.247952
-405.0,96,229.353699
-405.0,96,229.454628
-470.0,31,229.484421
-470.0,31,229.51233
-405.0,96,229.59472
-405.0,96,229.694788
-404.0,97,229.798584
-405.0,96,229.895568
-470.0,31,229.929173
-470.0,31,229.96036
-470.0,31,230.000232
-405.0,96,230.106507
-470.0,31,230.140023
-405.0,96,230.23215
-405.0,96,230.320265
-405.0,96,230.433797
-470.0,31,230.461177
-250.0,152,230.601826
-470.0,31,230.628934
-405.0,96,230.716532
-470.0,31,230.750358
-470.0,31,230.781345
-405.0,96,230.876448
-405.0,96,230.977786
-405.0,96,231.073539
-470.0,31,231.106888
-470.0,31,231.139583
-470.0,31,231.171414
-259.0,143,234.184939
-405.0,96,234.30511
-470.0,31,234.334801
-405.0,96,234.421655
-470.0,31,234.450249
-405.0,96,234.561515
-470.0,31,234.589656
-470.0,31,234.616988
-405.0,96,234.704905
-470.0,31,234.733265
-470.0,31,234.760696
-470.0,31,234.789655
-393.0,108,234.896497
-401.0,100,234.993076
-405.0,96,235.132564
-470.0,31,235.169362
-387.0,114,235.285116
-405.0,96,235.381813
-470.0,31,235.415295
-470.0,31,235.445821
-470.0,31,235.477312
-470.0,31,235.502982
-405.0,96,235.585905
-401.0,100,235.717621
-470.0,31,235.751745
-470.0,31,235.780652
-470.0,31,235.807773
-405.0,96,235.898535
-470.0,31,235.930366
-405.0,96,236.023545
-470.0,31,236.052296
-470.0,31,236.082968
-470.0,31,236.119258
-470.0,31,236.15503
-405.0,96,239.295995
-405.0,96,239.428047
-280.0,122,239.592816
-405.0,96,239.708155
-405.0,96,239.816281
-431.0,70,239.895285
-405.0,96,240.000736
-470.0,31,240.036773
-470.0,31,240.070144
-431.0,70,240.145437
-405.0,96,240.267191
-396.0,105,240.406086
-470.0,31,240.442928
-470.0,31,240.480364
-405.0,96,240.641035
-470.0,31,240.699084
-226.0,176,240.971476
-470.0,31,241.024616
-405.0,96,241.157922
-405.0,96,241.276345
-405.0,96,241.386859
-405.0,96,241.49355
-405.0,96,241.59002
-470.0,31,241.621227
-405.0,96,241.718004
-470.0,31,241.748808
-391.0,110,244.835739
-470.0,31,244.868022
-470.0,31,244.904033
-470.0,31,244.935888
-470.0,31,244.964352
-470.0,31,244.994746
-470.0,31,245.024188
-404.0,97,245.118746
-470.0,31,245.148514
-470.0,31,245.178809
-405.0,96,245.277743
-402.0,99,245.375456
-470.0,31,245.411828
-405.0,96,245.521546
-405.0,96,245.629536
-405.0,96,245.74184
-405.0,96,245.848103
-470.0,31,245.876934
-405.0,96,245.967415
-405.0,96,246.054431
-470.0,31,246.084113
-470.0,31,246.113229
-405.0,96,246.217499
-203.0,199,246.420828
-388.0,113,246.552358
-430.0,71,246.629401
-399.0,102,246.734303
-405.0,96,246.84145
-405.0,96,250.05495
-470.0,31,250.088311
-405.0,96,250.190734
-405.0,96,250.304205
-405.0,96,250.407181
-394.0,107,250.511595
-470.0,31,250.543956
-470.0,31,250.573997
-405.0,96,250.672381
-405.0,96,250.772045
-470.0,31,250.806418
-431.0,70,250.876856
-405.0,96,250.974983
-405.0,96,251.073066
-405.0,96,251.174387
-405.0,96,251.270771
-470.0,31,251.303149
-405.0,96,251.397285
-405.0,96,251.489492
-470.0,31,251.519656
-405.0,96,251.617722
-405.0,96,251.72657
-405.0,96,251.870679
-405.0,96,251.98768
-213.0,189,252.195067
-470.0,31,252.227218
-470.0,31,255.287009
-470.0,31,255.317298
-405.0,96,255.4063
-470.0,31,255.440333
-405.0,96,255.532418
-470.0,31,255.572634
-470.0,31,255.614252
-405.0,96,255.705562
-384.0,117,255.822367
-387.0,114,255.939155
-470.0,31,255.967687
-431.0,70,256.042614
-405.0,96,256.136106
-470.0,31,256.170645
-405.0,96,256.265073
-405.0,96,256.365242
-470.0,31,256.393591
-470.0,31,256.425676
-405.0,96,256.523211
-470.0,31,256.558535
-405.0,96,256.653222
-405.0,96,256.749567
-431.0,70,256.81757
-399.0,102,256.924466
-470.0,31,256.956762
-405.0,96,257.081313
-405.0,96,257.202764
-470.0,31,257.247191
-470.0,31,257.286437
-470.0,31,257.326082
-405.0,96,257.450047
-405.0,96,260.585529
-405.0,96,260.671943
-405.0,96,260.758378
-405.0,96,260.857559
-470.0,31,260.888427
-405.0,96,260.999054
-405.0,96,261.09579
-470.0,31,261.130548
-405.0,96,261.232571
-470.0,31,261.264952
-405.0,96,261.369375
-470.0,31,261.402134
-405.0,96,261.50229
-470.0,31,261.536986
-405.0,96,261.642001
-470.0,31,261.676749
-470.0,31,261.70867
-405.0,96,261.807156
-470.0,31,261.840303
-390.0,111,261.95999
-470.0,31,261.991058
-405.0,96,262.082006
-470.0,31,262.111859
-405.0,96,262.206756
-470.0,31,262.237734
-470.0,31,262.271624
-405.0,96,262.37384
-470.0,31,262.404908
-470.0,31,262.437582
-470.0,31,262.465852
-470.0,31,262.495418
-405.0,96,262.591448
-470.0,31,265.755906
-405.0,96,265.852257
-405.0,96,265.936844
-394.0,107,266.039609
-389.0,112,266.143817
-470.0,31,266.172829
-280.0,122,266.335876
-405.0,96,266.476099
-470.0,31,266.511824
-280.0,122,266.640276
-470.0,31,266.668993
-470.0,31,266.69873
-393.0,108,266.804332
-470.0,31,266.831264
-396.0,105,266.932863
-405.0,96,267.023442
-470.0,31,267.054651
-402.0,99,267.159183
-389.0,112,267.265033
-404.0,97,267.36586
-470.0,31,267.397842
-405.0,96,267.499237
-216.0,186,267.688616
-405.0,96,267.783465
-405.0,96,271.039194
-470.0,31,271.080095
-470.0,31,271.117956
-405.0,96,271.219721
-470.0,31,271.253229
-470.0,31,271.286084
-470.0,31,271.315523
-405.0,96,271.41586
-405.0,96,271.52629
-405.0,96,271.63542
-405.0,96,271.754586
-405.0,96,271.867324
-470.0,31,271.902907
-470.0,31,271.934278
-405.0,96,272.044244
-470.0,31,272.118379
-405.0,96,272.227607
-405.0,96,272.33281
-404.0,97,272.440368
-405.0,96,272.550558
-405.0,96,272.725656
-470.0,31,272.761214
-405.0,96,272.876895
-405.0,96,272.98461
-470.0,31,273.019059
-470.0,31,273.050761
-401.0,100,273.167387
-405.0,96,273.28581
-470.0,31,273.322486
-470.0,31,273.360449
-405.0,96,276.645083
-405.0,96,276.740511
-470.0,31,276.775922
-470.0,31,276.808493
-470.0,31,276.835868
-470.0,31,276.870467
-405.0,96,276.974076
-470.0,31,277.008395
-470.0,31,277.040907
-405.0,96,277.137174
-470.0,31,277.166935
-405.0,96,277.268735
-405.0,96,277.369314
-470.0,31,277.401885
-470.0,31,277.431753
-405.0,96,277.519557
-397.0,104,277.610254
-405.0,96,277.695278
-470.0,31,277.721305
-405.0,96,277.816919
-399.0,102,277.927414
-405.0,96,278.034328
-470.0,31,278.067034
-470.0,31,278.099026
-470.0,31,278.133786
-405.0,96,278.231835
-470.0,31,278.26514
-470.0,31,278.295533
-405.0,96,278.400794
-470.0,31,278.431691
-470.0,31,278.463191
-470.0,31,278.49276
-470.0,31,278.52201
-405.0,96,278.610279
-405.0,96,282.107821
-470.0,31,282.143478
-470.0,31,282.182094
-405.0,96,282.286056
-405.0,96,282.38857
-470.0,31,282.425934
-405.0,96,282.535986
-470.0,31,282.573468
-395.0,106,282.689685
-470.0,31,282.719018
-405.0,96,282.818958
-405.0,96,282.912236
-470.0,31,282.94041
-405.0,96,283.032513
-470.0,31,283.065215
-470.0,31,283.095599
-470.0,31,283.124664
-470.0,31,283.155692
-470.0,31,283.187068
-405.0,96,283.279695
-470.0,31,283.3096
-387.0,114,283.425422
-470.0,31,283.45501
-470.0,31,283.486054
-470.0,31,283.516388
-470.0,31,283.545302
-470.0,31,283.574879
-470.0,31,283.6038
-405.0,96,283.697418
-470.0,31,283.72576
-399.0,102,283.816897
-470.0,31,283.84702
-405.0,96,283.935202
-470.0,31,283.965449
-470.0,31,283.991697
-470.0,31,284.02065
-405.0,96,284.102902
-398.0,103,287.60056
-405.0,96,287.700484
-470.0,31,287.737231
-405.0,96,287.844408
-470.0,31,287.885109
-405.0,96,287.989108
-405.0,96,288.087849
-470.0,31,288.119934
-470.0,31,288.151556
-470.0,31,288.18077
-405.0,96,288.270289
-470.0,31,288.301399
-405.0,96,288.395119
-470.0,31,288.427063
-470.0,31,288.458061
-405.0,96,288.556437
-405.0,96,288.666533
-470.0,31,288.700654
-405.0,96,288.803261
-405.0,96,288.909578
-405.0,96,289.016894
-470.0,31,289.055675
-405.0,96,289.159943
-470.0,31,289.189089
-470.0,31,289.219994
-405.0,96,289.31458
-405.0,96,289.420369
-470.0,31,289.452461
-470.0,31,289.489183
-431.0,70,289.573909
-470.0,31,289.613799
-470.0,31,289.646019
-470.0,31,289.680458
-470.0,31,289.712654
-405.0,96,292.980067
-470.0,31,293.011945
-470.0,31,293.043572
-470.0,31,293.076293
-470.0,31,293.107122
-470.0,31,293.140996
-405.0,96,293.240691
-405.0,96,293.334865
-430.0,71,293.406821
-405.0,96,293.510422
-229.0,173,293.70876
-470.0,31,293.744272
-470.0,31,293.777102
-470.0,31,293.808995
-470.0,31,293.843908
-280.0,122,293.981198
-470.0,31,294.019715
-470.0,31,294.052057
-405.0,96,294.162188
-405.0,96,294.269375
-470.0,31,294.299208
-405.0,96,294.387368
-470.0,31,294.416366
-405.0,96,294.512962
-470.0,31,294.542347
-405.0,96,294.635123
-470.0,31,294.662237
-390.0,111,294.772502
-405.0,96,294.865705
-405.0,96,294.959614
